query_id,product_id,accurate_label,reformulated_query,final_reasoning,iterations,final_outcome
6014,B01G1RYHAO,True,null,Product explicitly matches all query specifications: AA batteries and 100 count/pack. No contradictions found.,0,Accepted
6014,B07FP5DNBG,True,null,"Product exactly matches query specifications: it contains AA batteries and explicitly states ""100-Pack""/""Pack of 100"" multiple times in both title and bullet points with no contradictions.",0,Accepted
6014,B07F7RH8D4,True,null,"Product explicitly matches all query specifications: AA batteries and 100 count pack are both confirmed in the title ""Allmax AA... (100 Count Bulk Pack)""",0,Accepted
6014,B01B8R6PF2,True,null,"Product exactly matches query specifications: it contains AA batteries and explicitly states ""100-pack"" in both title and bullet points. No contradictions found.",0,Accepted
6014,B00LHSAARW,False,aa batteries 60 pack,"Contradiction Rule violated: Query specifies ""100 pack"" but product explicitly states ""60 Count"" which directly contradicts the quantity specification.",0,Accepted
6014,B00KMDL8U6,True,null,"Title explicitly states ""100 Count"" which matches query requirement. While bullet points show ""50 count"", title information takes precedence, and no other contradictions exist (Rule 3).",1,Accepted
6014,B004SCA15K,True,null,Product explicitly matches all query specifications: it contains 'AA batteries' and is a '100 pack' (confirmed in title '100-Count AA Batteries' and bullet points '100 AA BATTERIES'). No contradictions found.,0,Accepted
6014,B01B8R6V2E,False,aaa batteries 100 pack,Contradiction Rule violated: Query specifies 'AA batteries' but product explicitly states 'AAA batteries' in title and description.,0,Accepted
32814,B07TWK2S22,False,"dewalt 12v max cordless screwdriver kit, gyroscopic, 1/4-inch","Voltage mismatch: Query specifies ""8V max"" but product is ""12V MAX"". Also product is ""tool only"" not a kit. Rule 1 violation due to explicit contradictions. [Note: Max iterations reached]",3,Max Iterations Reached
32814,B0812ZHY5N,False,"enertwist 8v max cordless screwdriver kit with 82 piece accessory set, dual position handle, led light",Product has explicit contradictions: it's ENERTWIST brand (not DeWalt) and lacks gyroscopic functionality mentioned in the query.,1,Accepted
32814,B07S7F53YK,True,null,Product matches all query specifications: it's a DeWalt 8V max cordless screwdriver kit and explicitly mentions 'Gyroscopic' in both title and features (motion-activated control).,0,Accepted
32814,B00EUHAGX0,False,dewalt 8v max battery charger,"Product is a battery charger, which explicitly contradicts the query specification for a ""screwdriver kit"" (Contradiction Rule).",0,Accepted
32814,B00DL7QDS2,True,null,The product is an exact match as it explicitly matches all query specifications: it's a DeWalt 8V MAX cordless screwdriver kit and is specifically described as gyroscopic in both title and features.,0,Accepted
32814,B011WRUODC,True,null,The product is an exact match as it explicitly matches all query specifications: it's a DeWalt 8V MAX cordless screwdriver kit and is specifically described as gyroscopic in both title and features.,0,Accepted
58953,B085G3MGFR,True,null,"All query specifications (Kodak, photo paper, 8.5 x 11, glossy) are explicitly matched in the product title with no contradictions. Extra details (50 counts, weight) don't affect match per Rule 3.",0,Accepted
58953,B085F42SV6,False,kodak photo paper 8.5 x 11 matte,"Contradiction Rule applies: Query specifies 'glossy' paper while product explicitly states 'matte' finish, which are contradictory specifications.",0,Accepted
58953,B01M0L2WLF,True,null,"All query specifications (Kodak brand, photo paper, 8.5x11 size, glossy finish) are explicitly confirmed in the product information with no contradictions.",0,Accepted
58953,B01JB7D4SW,False,kodak photo paper 8.5 x 11 glossy,"Contradiction Rule violated: Product brand is listed as ""Doaaler"" while query specifies ""Kodak"", despite Kodak appearing in product code.",1,Accepted
58953,B000EZTYHG,True,null,"All query specifications (Kodak, photo paper, 8.5x11 size, glossy) are explicitly confirmed in the product information without any contradictions.",0,Accepted
58953,B000EZTYG2,True,null,"Product matches all query specifications: Kodak brand, photo paper, 8.5 x 11 size, and glossy finish (listed as ""Gloss Finish""). No contradictions found.",0,Accepted
58953,B000EZTYCG,True,null,"Product matches all query specifications: Kodak brand, photo paper type, 8.5 x 11 dimensions, and glossy finish are all explicitly confirmed in the product title and description.",0,Accepted
58953,B000EZ0CTK,False,kodak photo paper 8.5 x 11 matte,Contradiction Rule violated: Query specifies 'glossy' paper but product explicitly states 'Matte Finish' in title and 'Basic matte paper' in bullet points.,0,Accepted
58953,B000EYAKKW,True,null,"Product matches all query specifications: Kodak brand, photo paper, 8.5 x 11 size, and glossy finish are all explicitly confirmed in the product title and description.",0,Accepted
58953,B000EYAKJS,True,null,"Product matches all query specifications: Kodak brand, photo paper type, 8.5x11 size, and glossy finish are all explicitly confirmed in the product title and description.",0,Accepted
